{
    "test": [
        {
            "Testing": "----------------------Testing----------------------",
            "loss:": 0.13506567367294448,
            "AUC:": 0.9932636243138563,
            "EER:": 0.031883863987462846,
            "accuracy:": 0.9742424519503319,
            "precision:": 0.9802611566774145,
            "recall:": 0.9884834390179971,
            "f1_score:": 0.9843551280413643,
            "confusion_matrix:": [
                [
                    35856,
                    3569
                ],
                [
                    2065,
                    177242
                ]
            ]
        }
    ]
}
