{
    "test": [
        {
            "Testing": "----------------------Testing----------------------",
            "loss:": 0.15343881411299884,
            "AUC:": 0.9831770670121129,
            "EER:": 0.055828845570223454,
            "accuracy:": 0.9499573397039376,
            "precision:": 0.9782204251730211,
            "recall:": 0.9601740553523151,
            "f1_score:": 0.9691132347965523,
            "confusion_matrix:": [
                [
                    231897,
                    24584
                ],
                [
                    45799,
                    1104180
                ]
            ]
        }
    ]
}
