{
    "test": [
        {
            "Testing": "----------------------Testing----------------------",
            "loss:": 0.16068570141761743,
            "AUC:": 0.9900620209178131,
            "EER:": 0.039071739372977796,
            "accuracy:": 0.9721633666983269,
            "precision:": 0.9796148988500144,
            "recall:": 0.9865223697422738,
            "f1_score:": 0.9830565005670069,
            "confusion_matrix:": [
                [
                    9013,
                    920
                ],
                [
                    604,
                    44211
                ]
            ]
        }
    ]
}
