{
    "test": [
        {
            "Testing": "----------------------Testing----------------------",
            "loss:": 0.16266594241616322,
            "AUC:": 0.9912993848433652,
            "EER:": 0.03507578376810948,
            "accuracy:": 0.9721989755097161,
            "precision:": 0.976180007474663,
            "recall:": 0.9904531412065177,
            "f1_score:": 0.9832647796409374,
            "confusion_matrix:": [
                [
                    16907,
                    2167
                ],
                [
                    856,
                    88807
                ]
            ]
        }
    ]
}
