{
    "test": [
        {
            "Testing": "----------------------Testing----------------------",
            "loss:": 0.11818864189305023,
            "AUC:": 0.9936077132063552,
            "EER:": 0.03316457390101925,
            "accuracy:": 0.9753501553714791,
            "precision:": 0.9834028125173698,
            "recall:": 0.9864843767424225,
            "f1_score:": 0.9849411843299245,
            "confusion_matrix:": [
                [
                    18570,
                    1493
                ],
                [
                    1212,
                    88462
                ]
            ]
        }
    ]
}
