{
    "test": [
        {
            "Testing": "----------------------Testing----------------------",
            "loss:": 0.16553315010927364,
            "AUC:": 0.9880359841317758,
            "EER:": 0.04469522749109425,
            "accuracy:": 0.9588715179079023,
            "precision:": 0.970137799128497,
            "recall:": 0.9799772456876069,
            "f1_score:": 0.9750326995882785,
            "confusion_matrix:": [
                [
                    109613,
                    17393
                ],
                [
                    11545,
                    565049
                ]
            ]
        }
    ]
}
