{
    "test": [
        {
            "Testing": "----------------------Testing----------------------",
            "loss:": 0.1277123579056081,
            "AUC:": 0.9922522043157279,
            "EER:": 0.03761423385950141,
            "accuracy:": 0.9702207290166116,
            "precision:": 0.9755136519851304,
            "recall:": 0.988385643473267,
            "f1_score:": 0.9819074642615295,
            "confusion_matrix:": [
                [
                    71135,
                    8899
                ],
                [
                    4166,
                    354528
                ]
            ]
        }
    ]
}
