{
    "test": [
        {
            "Testing": "----------------------Testing----------------------",
            "loss:": 0.11218364030839761,
            "AUC:": 0.9934285913776719,
            "EER:": 0.03500485171594597,
            "accuracy:": 0.9742322465548942,
            "precision:": 0.9793578234897921,
            "recall:": 0.9892760347539009,
            "f1_score:": 0.9842919445584988,
            "confusion_matrix:": [
                [
                    36675,
                    3739
                ],
                [
                    1923,
                    177395
                ]
            ]
        }
    ]
}
