{
    "test": [
        {
            "Testing": "----------------------Testing----------------------",
            "loss:": 0.12830352305049358,
            "AUC:": 0.9917387841702281,
            "EER:": 0.03884014820142682,
            "accuracy:": 0.9686601717425317,
            "precision:": 0.9749629580668793,
            "recall:": 0.9869250434205648,
            "f1_score:": 0.9809075329418138,
            "confusion_matrix:": [
                [
                    71936,
                    9091
                ],
                [
                    4690,
                    354011
                ]
            ]
        }
    ]
}
