{
    "test": [
        {
            "Testing": "----------------------Testing----------------------",
            "loss:": 0.1491225663974194,
            "AUC:": 0.9875666990693528,
            "EER:": 0.04642696359852872,
            "accuracy:": 0.9603422807029524,
            "precision:": 0.9765236913162091,
            "recall:": 0.9748672768655458,
            "f1_score:": 0.9756947810772638,
            "confusion_matrix:": [
                [
                    144408,
                    16815
                ],
                [
                    18032,
                    699439
                ]
            ]
        }
    ]
}
